<?xml version="1.0" encoding="utf-8"?>
<?xml-stylesheet type='text/xsl' href='ConversionLogFile.xsl'?>
<LogFile projectName="FactoryIO_Template_S7-1200_V15_V15.1_1" typeText="Type" messageText="Message" timeText="Temps">
  <MessageCell ServiceId="80" MessageId="30" MessageClass="Information" Timestamp="18/08/2024 22:05:56">
    <Number ServiceNumber="80" MessageNumber="30" />
    <Text FeedbackText="Mise à niveau démarrée" />
    <Help HelpId="-1" />
  </MessageCell>
  <Details ServiceId="80" MessageId="30" Timestamp="18/08/2024 22:05:58" Debug="false">
    <Text>Reorganization succeed!</Text>
  </Details>
  <MessageCell ServiceId="80" MessageId="30" MessageClass="Information" Timestamp="18/08/2024 22:05:59">
    <Number ServiceNumber="80" MessageNumber="30" />
    <Text FeedbackText="CheckRepair lost+found objects" />
    <Help HelpId="-1" />
  </MessageCell>
  <Details ServiceId="80" MessageId="30" Timestamp="18/08/2024 22:05:59" Debug="false">
    <Text>No error is detected.</Text>
  </Details>
  <MessageCell ServiceId="80" MessageId="30" MessageClass="Information" Timestamp="18/08/2024 22:05:59">
    <Number ServiceNumber="80" MessageNumber="30" />
    <Text FeedbackText="CheckRepair missing bidirectional links" />
    <Help HelpId="-1" />
  </MessageCell>
  <Details ServiceId="80" MessageId="30" Timestamp="18/08/2024 22:05:59" Debug="false">
    <Text>No error is detected.</Text>
  </Details>
  <Details ServiceId="80" MessageId="30" Timestamp="18/08/2024 22:06:35" Debug="false">
    <Text>Not invalidating fingerprints for protected object: RDST_DTL_SFC[SFC151]</Text>
  </Details>
  <Details ServiceId="80" MessageId="30" Timestamp="18/08/2024 22:06:35" Debug="false">
    <Text>Not invalidating fingerprints for protected object: WRST_DTL_SFC[SFC156]</Text>
  </Details>
  <MessageCell ServiceId="80" MessageId="30" MessageClass="Information" Timestamp="18/08/2024 22:06:43">
    <Number ServiceNumber="80" MessageNumber="30" />
    <Text FeedbackText="Conversion des informations sur les références croisées en cours." />
    <Help HelpId="-1" />
  </MessageCell>
  <MessageCell ServiceId="80" MessageId="30" MessageClass="Information" Timestamp="18/08/2024 22:06:45">
    <Number ServiceNumber="80" MessageNumber="30" />
    <Text FeedbackText="Informations de références croisées créées avec succès." />
    <Help HelpId="-1" />
  </MessageCell>
  <MessageCell ServiceId="80" MessageId="30" MessageClass="Information" Timestamp="18/08/2024 22:06:45">
    <Number ServiceNumber="80" MessageNumber="30" />
    <Text FeedbackText="La conversion des informations sur les références croisées est terminée." />
    <Help HelpId="-1" />
  </MessageCell>
  <Details ServiceId="80" MessageId="30" Timestamp="18/08/2024 22:06:46" Debug="false">
    <Text>Package container 'Siemens.Simatic.Lang.S7BSW.V15.0.0.0.NonMandatory' was deleted</Text>
  </Details>
  <Details ServiceId="80" MessageId="30" Timestamp="18/08/2024 22:06:46" Debug="false">
    <Text>Product version 'Siemens.Simatic.STEP7.Basic:15.00.00.00' was deleted</Text>
  </Details>
  <MessageCell ServiceId="Automation-ObjectFrame-Feedbacks" MessageId="ConversionInfoTabProjectSucceeded" MessageClass="Success" Timestamp="18/08/2024 22:06:47">
    <Number ServiceNumber="80" MessageNumber="34" />
    <Text FeedbackText="Le projet 'C:\Users\Dell\Downloads\FactoryIO_Template_S7-1200_V15\System\PEData.plf' a été mis à niveau avec succès et enregistré en tant que projet 'C:\Users\Dell\Downloads\FactoryIO_Template_S7-1200_V15_V15.1_1\System\PEData.plf'." />
    <Help HelpId="-1" HelpFile="" />
  </MessageCell>
</LogFile>